Name,Type,MACs,CPercent,Memory,MPercent,Params,PPercent,InShape,OutShape
Conv_3,Conv,458752000,0.47%,65540480,3.62%,1120,0.00%,1x3x640x640,1x40x640x640
Sigmoid_4,Sigmoid,524288000,0.54%,65536000,3.62%,0,0.00%,1x40x640x640,1x40x640x640
Mul_5,Mul,16384000,0.02%,65536000,3.62%,0,0.00%,1x40x640x640,1x40x640x640
Conv_6,Conv,2957312000,3.02%,32883520,1.82%,28880,0.04%,1x40x640x640,1x80x320x320
Sigmoid_7,Sigmoid,262144000,0.27%,32768000,1.81%,0,0.00%,1x80x320x320,1x80x320x320
Mul_8,Mul,8192000,0.01%,32768000,1.81%,0,0.00%,1x80x320x320,1x80x320x320
Conv_9,Conv,5906432000,6.03%,32998720,1.82%,57680,0.08%,1x80x320x320,1x80x320x320
Sigmoid_10,Sigmoid,262144000,0.27%,32768000,1.81%,0,0.00%,1x80x320x320,1x80x320x320
Mul_11,Mul,8192000,0.01%,32768000,1.81%,0,0.00%,1x80x320x320,1x80x320x320
Conv_12,Conv,2953216000,3.01%,16845440,0.93%,115360,0.16%,1x80x320x320,1x160x160x160
Sigmoid_13,Sigmoid,131072000,0.13%,16384000,0.91%,0,0.00%,1x160x160x160,1x160x160x160
Mul_14,Mul,4096000,0.00%,16384000,0.91%,0,0.00%,1x160x160x160,1x160x160x160
Conv_15,Conv,263782400,0.27%,6594816,0.36%,10304,0.01%,1x160x160x160,1x64x160x160
Conv_18,Conv,263782400,0.27%,6594816,0.36%,10304,0.01%,1x160x160x160,1x64x160x160
Sigmoid_16,Sigmoid,52428800,0.05%,6553600,0.36%,0,0.00%,1x64x160x160,1x64x160x160
Sigmoid_19,Sigmoid,52428800,0.05%,6553600,0.36%,0,0.00%,1x64x160x160,1x64x160x160
Mul_17,Mul,1638400,0.00%,6553600,0.36%,0,0.00%,1x64x160x160,1x64x160x160
Mul_20,Mul,1638400,0.00%,6553600,0.36%,0,0.00%,1x64x160x160,1x64x160x160
Conv_21,Conv,945356800,0.97%,6701312,0.37%,36928,0.05%,1x64x160x160,1x64x160x160
Sigmoid_22,Sigmoid,52428800,0.05%,6553600,0.36%,0,0.00%,1x64x160x160,1x64x160x160
Mul_23,Mul,1638400,0.00%,6553600,0.36%,0,0.00%,1x64x160x160,1x64x160x160
Conv_24,Conv,945356800,0.97%,6701312,0.37%,36928,0.05%,1x64x160x160,1x64x160x160
Sigmoid_25,Sigmoid,52428800,0.05%,6553600,0.36%,0,0.00%,1x64x160x160,1x64x160x160
Mul_26,Mul,1638400,0.00%,6553600,0.36%,0,0.00%,1x64x160x160,1x64x160x160
Conv_27,Conv,945356800,0.97%,6701312,0.37%,36928,0.05%,1x64x160x160,1x64x160x160
Sigmoid_28,Sigmoid,52428800,0.05%,6553600,0.36%,0,0.00%,1x64x160x160,1x64x160x160
Mul_29,Mul,1638400,0.00%,6553600,0.36%,0,0.00%,1x64x160x160,1x64x160x160
Conv_30,Conv,945356800,0.97%,6701312,0.37%,36928,0.05%,1x64x160x160,1x64x160x160
Sigmoid_31,Sigmoid,52428800,0.05%,6553600,0.36%,0,0.00%,1x64x160x160,1x64x160x160
Mul_32,Mul,1638400,0.00%,6553600,0.36%,0,0.00%,1x64x160x160,1x64x160x160
Conv_33,Conv,945356800,0.97%,6701312,0.37%,36928,0.05%,1x64x160x160,1x64x160x160
Sigmoid_34,Sigmoid,52428800,0.05%,6553600,0.36%,0,0.00%,1x64x160x160,1x64x160x160
Mul_35,Mul,1638400,0.00%,6553600,0.36%,0,0.00%,1x64x160x160,1x64x160x160
Conv_36,Conv,945356800,0.97%,6701312,0.37%,36928,0.05%,1x64x160x160,1x64x160x160
Sigmoid_37,Sigmoid,52428800,0.05%,6553600,0.36%,0,0.00%,1x64x160x160,1x64x160x160
Mul_38,Mul,1638400,0.00%,6553600,0.36%,0,0.00%,1x64x160x160,1x64x160x160
Conv_40,Conv,2629632000,2.68%,33178880,1.83%,102720,0.15%,1x320x160x160,1x320x160x160
Sigmoid_41,Sigmoid,262144000,0.27%,32768000,1.81%,0,0.00%,1x320x160x160,1x320x160x160
Mul_42,Mul,8192000,0.01%,32768000,1.81%,0,0.00%,1x320x160x160,1x320x160x160
MaxPool_43,MaxPool,8192000,0.01%,8192000,0.45%,0,0.00%,1x320x160x160,1x320x80x80
Conv_47,Conv,1314816000,1.34%,16589440,0.92%,51360,0.07%,1x320x160x160,1x160x160x160
Conv_44,Conv,328704000,0.34%,4301440,0.24%,51360,0.07%,1x320x80x80,1x160x80x80
Sigmoid_48,Sigmoid,131072000,0.13%,16384000,0.91%,0,0.00%,1x160x160x160,1x160x160x160
Sigmoid_45,Sigmoid,32768000,0.03%,4096000,0.23%,0,0.00%,1x160x80x80,1x160x80x80
Mul_49,Mul,4096000,0.00%,16384000,0.91%,0,0.00%,1x160x160x160,1x160x160x160
Mul_46,Mul,1024000,0.00%,4096000,0.23%,0,0.00%,1x160x80x80,1x160x80x80
Conv_50,Conv,1475584000,1.51%,5018240,0.28%,230560,0.33%,1x160x160x160,1x160x80x80
Sigmoid_51,Sigmoid,32768000,0.03%,4096000,0.23%,0,0.00%,1x160x80x80,1x160x80x80
Mul_52,Mul,1024000,0.00%,4096000,0.23%,0,0.00%,1x160x80x80,1x160x80x80
Conv_54,Conv,262963200,0.27%,3441152,0.19%,41088,0.06%,1x320x80x80,1x128x80x80
Conv_57,Conv,262963200,0.27%,3441152,0.19%,41088,0.06%,1x320x80x80,1x128x80x80
Sigmoid_55,Sigmoid,26214400,0.03%,3276800,0.18%,0,0.00%,1x128x80x80,1x128x80x80
Sigmoid_58,Sigmoid,26214400,0.03%,3276800,0.18%,0,0.00%,1x128x80x80,1x128x80x80
Mul_56,Mul,819200,0.00%,3276800,0.18%,0,0.00%,1x128x80x80,1x128x80x80
Mul_59,Mul,819200,0.00%,3276800,0.18%,0,0.00%,1x128x80x80,1x128x80x80
Conv_60,Conv,944537600,0.96%,3867136,0.21%,147584,0.21%,1x128x80x80,1x128x80x80
Sigmoid_61,Sigmoid,26214400,0.03%,3276800,0.18%,0,0.00%,1x128x80x80,1x128x80x80
Mul_62,Mul,819200,0.00%,3276800,0.18%,0,0.00%,1x128x80x80,1x128x80x80
Conv_63,Conv,944537600,0.96%,3867136,0.21%,147584,0.21%,1x128x80x80,1x128x80x80
Sigmoid_64,Sigmoid,26214400,0.03%,3276800,0.18%,0,0.00%,1x128x80x80,1x128x80x80
Mul_65,Mul,819200,0.00%,3276800,0.18%,0,0.00%,1x128x80x80,1x128x80x80
Conv_66,Conv,944537600,0.96%,3867136,0.21%,147584,0.21%,1x128x80x80,1x128x80x80
Sigmoid_67,Sigmoid,26214400,0.03%,3276800,0.18%,0,0.00%,1x128x80x80,1x128x80x80
Mul_68,Mul,819200,0.00%,3276800,0.18%,0,0.00%,1x128x80x80,1x128x80x80
Conv_69,Conv,944537600,0.96%,3867136,0.21%,147584,0.21%,1x128x80x80,1x128x80x80
Sigmoid_70,Sigmoid,26214400,0.03%,3276800,0.18%,0,0.00%,1x128x80x80,1x128x80x80
Mul_71,Mul,819200,0.00%,3276800,0.18%,0,0.00%,1x128x80x80,1x128x80x80
Conv_72,Conv,944537600,0.96%,3867136,0.21%,147584,0.21%,1x128x80x80,1x128x80x80
Sigmoid_73,Sigmoid,26214400,0.03%,3276800,0.18%,0,0.00%,1x128x80x80,1x128x80x80
Mul_74,Mul,819200,0.00%,3276800,0.18%,0,0.00%,1x128x80x80,1x128x80x80
Conv_75,Conv,944537600,0.96%,3867136,0.21%,147584,0.21%,1x128x80x80,1x128x80x80
Sigmoid_76,Sigmoid,26214400,0.03%,3276800,0.18%,0,0.00%,1x128x80x80,1x128x80x80
Mul_77,Mul,819200,0.00%,3276800,0.18%,0,0.00%,1x128x80x80,1x128x80x80
Conv_79,Conv,2625536000,2.68%,18024960,1.00%,410240,0.58%,1x640x80x80,1x640x80x80
Sigmoid_80,Sigmoid,131072000,0.13%,16384000,0.91%,0,0.00%,1x640x80x80,1x640x80x80
Mul_81,Mul,4096000,0.00%,16384000,0.91%,0,0.00%,1x640x80x80,1x640x80x80
MaxPool_82,MaxPool,4096000,0.00%,4096000,0.23%,0,0.00%,1x640x80x80,1x640x40x40
Conv_86,Conv,1312768000,1.34%,9012480,0.50%,205120,0.29%,1x640x80x80,1x320x80x80
Conv_228,Conv,656384000,0.67%,4506240,0.25%,102560,0.14%,1x640x80x80,1x160x80x80
Conv_83,Conv,328192000,0.34%,2868480,0.16%,205120,0.29%,1x640x40x40,1x320x40x40
Sigmoid_87,Sigmoid,65536000,0.07%,8192000,0.45%,0,0.00%,1x320x80x80,1x320x80x80
Sigmoid_229,Sigmoid,32768000,0.03%,4096000,0.23%,0,0.00%,1x160x80x80,1x160x80x80
Sigmoid_84,Sigmoid,16384000,0.02%,2048000,0.11%,0,0.00%,1x320x40x40,1x320x40x40
Mul_88,Mul,2048000,0.00%,8192000,0.45%,0,0.00%,1x320x80x80,1x320x80x80
Mul_230,Mul,1024000,0.00%,4096000,0.23%,0,0.00%,1x160x80x80,1x160x80x80
Mul_85,Mul,512000,0.00%,2048000,0.11%,0,0.00%,1x320x40x40,1x320x40x40
Conv_89,Conv,1475072000,1.51%,5735680,0.32%,921920,1.30%,1x320x80x80,1x320x40x40
Sigmoid_90,Sigmoid,16384000,0.02%,2048000,0.11%,0,0.00%,1x320x40x40,1x320x40x40
Mul_91,Mul,512000,0.00%,2048000,0.11%,0,0.00%,1x320x40x40,1x320x40x40
Conv_93,Conv,262553600,0.27%,2294784,0.13%,164096,0.23%,1x640x40x40,1x256x40x40
Conv_96,Conv,262553600,0.27%,2294784,0.13%,164096,0.23%,1x640x40x40,1x256x40x40
Sigmoid_94,Sigmoid,13107200,0.01%,1638400,0.09%,0,0.00%,1x256x40x40,1x256x40x40
Sigmoid_97,Sigmoid,13107200,0.01%,1638400,0.09%,0,0.00%,1x256x40x40,1x256x40x40
Mul_95,Mul,409600,0.00%,1638400,0.09%,0,0.00%,1x256x40x40,1x256x40x40
Mul_98,Mul,409600,0.00%,1638400,0.09%,0,0.00%,1x256x40x40,1x256x40x40
Conv_99,Conv,944128000,0.96%,3998720,0.22%,590080,0.83%,1x256x40x40,1x256x40x40
Sigmoid_100,Sigmoid,13107200,0.01%,1638400,0.09%,0,0.00%,1x256x40x40,1x256x40x40
Mul_101,Mul,409600,0.00%,1638400,0.09%,0,0.00%,1x256x40x40,1x256x40x40
Conv_102,Conv,944128000,0.96%,3998720,0.22%,590080,0.83%,1x256x40x40,1x256x40x40
Sigmoid_103,Sigmoid,13107200,0.01%,1638400,0.09%,0,0.00%,1x256x40x40,1x256x40x40
Mul_104,Mul,409600,0.00%,1638400,0.09%,0,0.00%,1x256x40x40,1x256x40x40
Conv_105,Conv,944128000,0.96%,3998720,0.22%,590080,0.83%,1x256x40x40,1x256x40x40
Sigmoid_106,Sigmoid,13107200,0.01%,1638400,0.09%,0,0.00%,1x256x40x40,1x256x40x40
Mul_107,Mul,409600,0.00%,1638400,0.09%,0,0.00%,1x256x40x40,1x256x40x40
Conv_108,Conv,944128000,0.96%,3998720,0.22%,590080,0.83%,1x256x40x40,1x256x40x40
Sigmoid_109,Sigmoid,13107200,0.01%,1638400,0.09%,0,0.00%,1x256x40x40,1x256x40x40
Mul_110,Mul,409600,0.00%,1638400,0.09%,0,0.00%,1x256x40x40,1x256x40x40
Conv_111,Conv,944128000,0.96%,3998720,0.22%,590080,0.83%,1x256x40x40,1x256x40x40
Sigmoid_112,Sigmoid,13107200,0.01%,1638400,0.09%,0,0.00%,1x256x40x40,1x256x40x40
Mul_113,Mul,409600,0.00%,1638400,0.09%,0,0.00%,1x256x40x40,1x256x40x40
Conv_114,Conv,944128000,0.96%,3998720,0.22%,590080,0.83%,1x256x40x40,1x256x40x40
Sigmoid_115,Sigmoid,13107200,0.01%,1638400,0.09%,0,0.00%,1x256x40x40,1x256x40x40
Mul_116,Mul,409600,0.00%,1638400,0.09%,0,0.00%,1x256x40x40,1x256x40x40
Conv_118,Conv,2623488000,2.68%,14750720,0.82%,1639680,2.32%,1x1280x40x40,1x1280x40x40
Sigmoid_119,Sigmoid,65536000,0.07%,8192000,0.45%,0,0.00%,1x1280x40x40,1x1280x40x40
Mul_120,Mul,2048000,0.00%,8192000,0.45%,0,0.00%,1x1280x40x40,1x1280x40x40
MaxPool_121,MaxPool,2048000,0.00%,2048000,0.11%,0,0.00%,1x1280x40x40,1x1280x20x20
Conv_125,Conv,1311744000,1.34%,7375360,0.41%,819840,1.16%,1x1280x40x40,1x640x40x40
Conv_191,Conv,655872000,0.67%,3687680,0.20%,409920,0.58%,1x1280x40x40,1x320x40x40
Conv_122,Conv,327936000,0.33%,4303360,0.24%,819840,1.16%,1x1280x20x20,1x640x20x20
Sigmoid_126,Sigmoid,32768000,0.03%,4096000,0.23%,0,0.00%,1x640x40x40,1x640x40x40
Sigmoid_192,Sigmoid,16384000,0.02%,2048000,0.11%,0,0.00%,1x320x40x40,1x320x40x40
Sigmoid_123,Sigmoid,8192000,0.01%,1024000,0.06%,0,0.00%,1x640x20x20,1x640x20x20
Mul_127,Mul,1024000,0.00%,4096000,0.23%,0,0.00%,1x640x40x40,1x640x40x40
Mul_193,Mul,512000,0.00%,2048000,0.11%,0,0.00%,1x320x40x40,1x320x40x40
Mul_124,Mul,256000,0.00%,1024000,0.06%,0,0.00%,1x640x20x20,1x640x20x20
Conv_128,Conv,1474816000,1.51%,15772160,0.87%,3687040,5.21%,1x640x40x40,1x640x20x20
Sigmoid_129,Sigmoid,8192000,0.01%,1024000,0.06%,0,0.00%,1x640x20x20,1x640x20x20
Mul_130,Mul,256000,0.00%,1024000,0.06%,0,0.00%,1x640x20x20,1x640x20x20
Conv_132,Conv,131174400,0.13%,1721344,0.10%,327936,0.46%,1x1280x20x20,1x256x20x20
Conv_135,Conv,131174400,0.13%,1721344,0.10%,327936,0.46%,1x1280x20x20,1x256x20x20
Sigmoid_133,Sigmoid,3276800,0.00%,409600,0.02%,0,0.00%,1x256x20x20,1x256x20x20
Sigmoid_136,Sigmoid,3276800,0.00%,409600,0.02%,0,0.00%,1x256x20x20,1x256x20x20
Mul_134,Mul,102400,0.00%,409600,0.02%,0,0.00%,1x256x20x20,1x256x20x20
Mul_137,Mul,102400,0.00%,409600,0.02%,0,0.00%,1x256x20x20,1x256x20x20
Conv_138,Conv,236032000,0.24%,2769920,0.15%,590080,0.83%,1x256x20x20,1x256x20x20
Sigmoid_139,Sigmoid,3276800,0.00%,409600,0.02%,0,0.00%,1x256x20x20,1x256x20x20
Mul_140,Mul,102400,0.00%,409600,0.02%,0,0.00%,1x256x20x20,1x256x20x20
Conv_141,Conv,236032000,0.24%,2769920,0.15%,590080,0.83%,1x256x20x20,1x256x20x20
Sigmoid_142,Sigmoid,3276800,0.00%,409600,0.02%,0,0.00%,1x256x20x20,1x256x20x20
Mul_143,Mul,102400,0.00%,409600,0.02%,0,0.00%,1x256x20x20,1x256x20x20
Conv_144,Conv,236032000,0.24%,2769920,0.15%,590080,0.83%,1x256x20x20,1x256x20x20
Sigmoid_145,Sigmoid,3276800,0.00%,409600,0.02%,0,0.00%,1x256x20x20,1x256x20x20
Mul_146,Mul,102400,0.00%,409600,0.02%,0,0.00%,1x256x20x20,1x256x20x20
Conv_147,Conv,236032000,0.24%,2769920,0.15%,590080,0.83%,1x256x20x20,1x256x20x20
Sigmoid_148,Sigmoid,3276800,0.00%,409600,0.02%,0,0.00%,1x256x20x20,1x256x20x20
Mul_149,Mul,102400,0.00%,409600,0.02%,0,0.00%,1x256x20x20,1x256x20x20
Conv_150,Conv,236032000,0.24%,2769920,0.15%,590080,0.83%,1x256x20x20,1x256x20x20
Sigmoid_151,Sigmoid,3276800,0.00%,409600,0.02%,0,0.00%,1x256x20x20,1x256x20x20
Mul_152,Mul,102400,0.00%,409600,0.02%,0,0.00%,1x256x20x20,1x256x20x20
Conv_153,Conv,236032000,0.24%,2769920,0.15%,590080,0.83%,1x256x20x20,1x256x20x20
Sigmoid_154,Sigmoid,3276800,0.00%,409600,0.02%,0,0.00%,1x256x20x20,1x256x20x20
Mul_155,Mul,102400,0.00%,409600,0.02%,0,0.00%,1x256x20x20,1x256x20x20
Conv_157,Conv,655872000,0.67%,8606720,0.48%,1639680,2.32%,1x1280x20x20,1x1280x20x20
Sigmoid_158,Sigmoid,16384000,0.02%,2048000,0.11%,0,0.00%,1x1280x20x20,1x1280x20x20
Mul_159,Mul,512000,0.00%,2048000,0.11%,0,0.00%,1x1280x20x20,1x1280x20x20
Conv_160,Conv,327936000,0.33%,4303360,0.24%,819840,1.16%,1x1280x20x20,1x640x20x20
Conv_179,Conv,327936000,0.33%,4303360,0.24%,819840,1.16%,1x1280x20x20,1x640x20x20
Sigmoid_161,Sigmoid,8192000,0.01%,1024000,0.06%,0,0.00%,1x640x20x20,1x640x20x20
Sigmoid_180,Sigmoid,8192000,0.01%,1024000,0.06%,0,0.00%,1x640x20x20,1x640x20x20
Mul_162,Mul,256000,0.00%,1024000,0.06%,0,0.00%,1x640x20x20,1x640x20x20
Mul_181,Mul,256000,0.00%,1024000,0.06%,0,0.00%,1x640x20x20,1x640x20x20
Conv_163,Conv,1474816000,1.51%,15772160,0.87%,3687040,5.21%,1x640x20x20,1x640x20x20
Sigmoid_164,Sigmoid,8192000,0.01%,1024000,0.06%,0,0.00%,1x640x20x20,1x640x20x20
Mul_165,Mul,256000,0.00%,1024000,0.06%,0,0.00%,1x640x20x20,1x640x20x20
Conv_166,Conv,164096000,0.17%,2664960,0.15%,410240,0.58%,1x640x20x20,1x640x20x20
Sigmoid_167,Sigmoid,8192000,0.01%,1024000,0.06%,0,0.00%,1x640x20x20,1x640x20x20
Mul_168,Mul,256000,0.00%,1024000,0.06%,0,0.00%,1x640x20x20,1x640x20x20
MaxPool_169,MaxPool,6400000,0.01%,1024000,0.06%,0,0.00%,1x640x20x20,1x640x20x20
MaxPool_170,MaxPool,20736000,0.02%,1024000,0.06%,0,0.00%,1x640x20x20,1x640x20x20
MaxPool_171,MaxPool,43264000,0.04%,1024000,0.06%,0,0.00%,1x640x20x20,1x640x20x20
Conv_173,Conv,655616000,0.67%,7580160,0.42%,1639040,2.31%,1x2560x20x20,1x640x20x20
Sigmoid_174,Sigmoid,8192000,0.01%,1024000,0.06%,0,0.00%,1x640x20x20,1x640x20x20
Mul_175,Mul,256000,0.00%,1024000,0.06%,0,0.00%,1x640x20x20,1x640x20x20
Conv_176,Conv,1474816000,1.51%,15772160,0.87%,3687040,5.21%,1x640x20x20,1x640x20x20
Sigmoid_177,Sigmoid,8192000,0.01%,1024000,0.06%,0,0.00%,1x640x20x20,1x640x20x20
Mul_178,Mul,256000,0.00%,1024000,0.06%,0,0.00%,1x640x20x20,1x640x20x20
Conv_183,Conv,327936000,0.33%,4303360,0.24%,819840,1.16%,1x1280x20x20,1x640x20x20
Sigmoid_184,Sigmoid,8192000,0.01%,1024000,0.06%,0,0.00%,1x640x20x20,1x640x20x20
Mul_185,Mul,256000,0.00%,1024000,0.06%,0,0.00%,1x640x20x20,1x640x20x20
Conv_186,Conv,82048000,0.08%,1332480,0.07%,205120,0.29%,1x640x20x20,1x320x20x20
Sigmoid_187,Sigmoid,4096000,0.00%,512000,0.03%,0,0.00%,1x320x20x20,1x320x20x20
Mul_188,Mul,128000,0.00%,512000,0.03%,0,0.00%,1x320x20x20,1x320x20x20
Resize_190,Resize,0,0.00%,2048016,0.11%,4,0.00%,1x320x20x20,1x320x40x40
Conv_195,Conv,262553600,0.27%,2294784,0.13%,164096,0.23%,1x640x40x40,1x256x40x40
Conv_198,Conv,262553600,0.27%,2294784,0.13%,164096,0.23%,1x640x40x40,1x256x40x40
Sigmoid_196,Sigmoid,13107200,0.01%,1638400,0.09%,0,0.00%,1x256x40x40,1x256x40x40
Sigmoid_199,Sigmoid,13107200,0.01%,1638400,0.09%,0,0.00%,1x256x40x40,1x256x40x40
Mul_197,Mul,409600,0.00%,1638400,0.09%,0,0.00%,1x256x40x40,1x256x40x40
Mul_200,Mul,409600,0.00%,1638400,0.09%,0,0.00%,1x256x40x40,1x256x40x40
Conv_201,Conv,944128000,0.96%,3998720,0.22%,590080,0.83%,1x256x40x40,1x256x40x40
Sigmoid_202,Sigmoid,13107200,0.01%,1638400,0.09%,0,0.00%,1x256x40x40,1x256x40x40
Mul_203,Mul,409600,0.00%,1638400,0.09%,0,0.00%,1x256x40x40,1x256x40x40
Conv_204,Conv,944128000,0.96%,3998720,0.22%,590080,0.83%,1x256x40x40,1x256x40x40
Sigmoid_205,Sigmoid,13107200,0.01%,1638400,0.09%,0,0.00%,1x256x40x40,1x256x40x40
Mul_206,Mul,409600,0.00%,1638400,0.09%,0,0.00%,1x256x40x40,1x256x40x40
Conv_207,Conv,944128000,0.96%,3998720,0.22%,590080,0.83%,1x256x40x40,1x256x40x40
Sigmoid_208,Sigmoid,13107200,0.01%,1638400,0.09%,0,0.00%,1x256x40x40,1x256x40x40
Mul_209,Mul,409600,0.00%,1638400,0.09%,0,0.00%,1x256x40x40,1x256x40x40
Conv_210,Conv,944128000,0.96%,3998720,0.22%,590080,0.83%,1x256x40x40,1x256x40x40
Sigmoid_211,Sigmoid,13107200,0.01%,1638400,0.09%,0,0.00%,1x256x40x40,1x256x40x40
Mul_212,Mul,409600,0.00%,1638400,0.09%,0,0.00%,1x256x40x40,1x256x40x40
Conv_213,Conv,944128000,0.96%,3998720,0.22%,590080,0.83%,1x256x40x40,1x256x40x40
Sigmoid_214,Sigmoid,13107200,0.01%,1638400,0.09%,0,0.00%,1x256x40x40,1x256x40x40
Mul_215,Mul,409600,0.00%,1638400,0.09%,0,0.00%,1x256x40x40,1x256x40x40
Conv_216,Conv,944128000,0.96%,3998720,0.22%,590080,0.83%,1x256x40x40,1x256x40x40
Sigmoid_217,Sigmoid,13107200,0.01%,1638400,0.09%,0,0.00%,1x256x40x40,1x256x40x40
Mul_218,Mul,409600,0.00%,1638400,0.09%,0,0.00%,1x256x40x40,1x256x40x40
Conv_220,Conv,655872000,0.67%,3687680,0.20%,409920,0.58%,1x1280x40x40,1x320x40x40
Sigmoid_221,Sigmoid,16384000,0.02%,2048000,0.11%,0,0.00%,1x320x40x40,1x320x40x40
Mul_222,Mul,512000,0.00%,2048000,0.11%,0,0.00%,1x320x40x40,1x320x40x40
Conv_223,Conv,82176000,0.08%,1229440,0.07%,51360,0.07%,1x320x40x40,1x160x40x40
Sigmoid_224,Sigmoid,8192000,0.01%,1024000,0.06%,0,0.00%,1x160x40x40,1x160x40x40
Mul_225,Mul,256000,0.00%,1024000,0.06%,0,0.00%,1x160x40x40,1x160x40x40
Resize_227,Resize,0,0.00%,4096000,0.23%,0,0.00%,1x160x40x40,1x160x80x80
Conv_232,Conv,262963200,0.27%,3441152,0.19%,41088,0.06%,1x320x80x80,1x128x80x80
Conv_235,Conv,262963200,0.27%,3441152,0.19%,41088,0.06%,1x320x80x80,1x128x80x80
Sigmoid_233,Sigmoid,26214400,0.03%,3276800,0.18%,0,0.00%,1x128x80x80,1x128x80x80
Sigmoid_236,Sigmoid,26214400,0.03%,3276800,0.18%,0,0.00%,1x128x80x80,1x128x80x80
Mul_234,Mul,819200,0.00%,3276800,0.18%,0,0.00%,1x128x80x80,1x128x80x80
Mul_237,Mul,819200,0.00%,3276800,0.18%,0,0.00%,1x128x80x80,1x128x80x80
Conv_238,Conv,944537600,0.96%,3867136,0.21%,147584,0.21%,1x128x80x80,1x128x80x80
Sigmoid_239,Sigmoid,26214400,0.03%,3276800,0.18%,0,0.00%,1x128x80x80,1x128x80x80
Mul_240,Mul,819200,0.00%,3276800,0.18%,0,0.00%,1x128x80x80,1x128x80x80
Conv_241,Conv,944537600,0.96%,3867136,0.21%,147584,0.21%,1x128x80x80,1x128x80x80
Sigmoid_242,Sigmoid,26214400,0.03%,3276800,0.18%,0,0.00%,1x128x80x80,1x128x80x80
Mul_243,Mul,819200,0.00%,3276800,0.18%,0,0.00%,1x128x80x80,1x128x80x80
Conv_244,Conv,944537600,0.96%,3867136,0.21%,147584,0.21%,1x128x80x80,1x128x80x80
Sigmoid_245,Sigmoid,26214400,0.03%,3276800,0.18%,0,0.00%,1x128x80x80,1x128x80x80
Mul_246,Mul,819200,0.00%,3276800,0.18%,0,0.00%,1x128x80x80,1x128x80x80
Conv_247,Conv,944537600,0.96%,3867136,0.21%,147584,0.21%,1x128x80x80,1x128x80x80
Sigmoid_248,Sigmoid,26214400,0.03%,3276800,0.18%,0,0.00%,1x128x80x80,1x128x80x80
Mul_249,Mul,819200,0.00%,3276800,0.18%,0,0.00%,1x128x80x80,1x128x80x80
Conv_250,Conv,944537600,0.96%,3867136,0.21%,147584,0.21%,1x128x80x80,1x128x80x80
Sigmoid_251,Sigmoid,26214400,0.03%,3276800,0.18%,0,0.00%,1x128x80x80,1x128x80x80
Mul_252,Mul,819200,0.00%,3276800,0.18%,0,0.00%,1x128x80x80,1x128x80x80
Conv_253,Conv,944537600,0.96%,3867136,0.21%,147584,0.21%,1x128x80x80,1x128x80x80
Sigmoid_254,Sigmoid,26214400,0.03%,3276800,0.18%,0,0.00%,1x128x80x80,1x128x80x80
Mul_255,Mul,819200,0.00%,3276800,0.18%,0,0.00%,1x128x80x80,1x128x80x80
Conv_257,Conv,656384000,0.67%,4506240,0.25%,102560,0.14%,1x640x80x80,1x160x80x80
Sigmoid_258,Sigmoid,32768000,0.03%,4096000,0.23%,0,0.00%,1x160x80x80,1x160x80x80
Mul_259,Mul,1024000,0.00%,4096000,0.23%,0,0.00%,1x160x80x80,1x160x80x80
MaxPool_260,MaxPool,1024000,0.00%,1024000,0.06%,0,0.00%,1x160x80x80,1x160x40x40
Conv_264,Conv,164864000,0.17%,4199040,0.23%,25760,0.04%,1x160x80x80,1x160x80x80
Conv_338,Conv,2951168000,3.01%,10036480,0.55%,461120,0.65%,1x160x80x80,1x320x80x80
Conv_261,Conv,41216000,0.04%,1127040,0.06%,25760,0.04%,1x160x40x40,1x160x40x40
Sigmoid_265,Sigmoid,32768000,0.03%,4096000,0.23%,0,0.00%,1x160x80x80,1x160x80x80
Sigmoid_339,Sigmoid,65536000,0.07%,8192000,0.45%,0,0.00%,1x320x80x80,1x320x80x80
Sigmoid_262,Sigmoid,8192000,0.01%,1024000,0.06%,0,0.00%,1x160x40x40,1x160x40x40
Mul_266,Mul,1024000,0.00%,4096000,0.23%,0,0.00%,1x160x80x80,1x160x80x80
Mul_340,Mul,2048000,0.00%,8192000,0.45%,0,0.00%,1x320x80x80,1x320x80x80
Mul_263,Mul,256000,0.00%,1024000,0.06%,0,0.00%,1x160x40x40,1x160x40x40
Conv_267,Conv,368896000,0.38%,1946240,0.11%,230560,0.33%,1x160x80x80,1x160x40x40
Conv_347,Conv,55468800,0.06%,725868,0.04%,8667,0.01%,1x320x80x80,1x27x80x80
Sigmoid_268,Sigmoid,8192000,0.01%,1024000,0.06%,0,0.00%,1x160x40x40,1x160x40x40
Mul_269,Mul,256000,0.00%,1024000,0.06%,0,0.00%,1x160x40x40,1x160x40x40
Transpose_349,Transpose,0,0.00%,691200,0.04%,0,0.00%,1x3x9x80x80,1x3x80x80x9
Sigmoid_350,Sigmoid,5529600,0.01%,691200,0.04%,0,0.00%,1x3x80x80x9,1x3x80x80x9
Conv_271,Conv,262553600,0.27%,2294784,0.13%,164096,0.23%,1x640x40x40,1x256x40x40
Conv_274,Conv,262553600,0.27%,2294784,0.13%,164096,0.23%,1x640x40x40,1x256x40x40
Split_351,Split,0,0.00%,691200,0.04%,0,0.00%,1x3x80x80x9,1x3x80x80x2
Sigmoid_272,Sigmoid,13107200,0.01%,1638400,0.09%,0,0.00%,1x256x40x40,1x256x40x40
Sigmoid_275,Sigmoid,13107200,0.01%,1638400,0.09%,0,0.00%,1x256x40x40,1x256x40x40
Mul_353,Mul,38400,0.00%,153600,0.01%,0,0.00%,1x3x80x80x2,1x3x80x80x2
Pow_357,Pow,1228800,0.00%,153600,0.01%,0,0.00%,1x3x80x80x2,1x3x80x80x2
Mul_273,Mul,409600,0.00%,1638400,0.09%,0,0.00%,1x256x40x40,1x256x40x40
Mul_276,Mul,409600,0.00%,1638400,0.09%,0,0.00%,1x256x40x40,1x256x40x40
Add_355,Add,38400,0.00%,204800,0.01%,12800,0.02%,1x3x80x80x2,1x3x80x80x2
Mul_359,Mul,38400,0.00%,153624,0.01%,6,0.00%,1x3x80x80x2,1x3x80x80x2
Conv_277,Conv,944128000,0.96%,3998720,0.22%,590080,0.83%,1x256x40x40,1x256x40x40
Sigmoid_278,Sigmoid,13107200,0.01%,1638400,0.09%,0,0.00%,1x256x40x40,1x256x40x40
Mul_279,Mul,409600,0.00%,1638400,0.09%,0,0.00%,1x256x40x40,1x256x40x40
Conv_280,Conv,944128000,0.96%,3998720,0.22%,590080,0.83%,1x256x40x40,1x256x40x40
Sigmoid_281,Sigmoid,13107200,0.01%,1638400,0.09%,0,0.00%,1x256x40x40,1x256x40x40
Mul_282,Mul,409600,0.00%,1638400,0.09%,0,0.00%,1x256x40x40,1x256x40x40
Conv_283,Conv,944128000,0.96%,3998720,0.22%,590080,0.83%,1x256x40x40,1x256x40x40
Sigmoid_284,Sigmoid,13107200,0.01%,1638400,0.09%,0,0.00%,1x256x40x40,1x256x40x40
Mul_285,Mul,409600,0.00%,1638400,0.09%,0,0.00%,1x256x40x40,1x256x40x40
Conv_286,Conv,944128000,0.96%,3998720,0.22%,590080,0.83%,1x256x40x40,1x256x40x40
Sigmoid_287,Sigmoid,13107200,0.01%,1638400,0.09%,0,0.00%,1x256x40x40,1x256x40x40
Mul_288,Mul,409600,0.00%,1638400,0.09%,0,0.00%,1x256x40x40,1x256x40x40
Conv_289,Conv,944128000,0.96%,3998720,0.22%,590080,0.83%,1x256x40x40,1x256x40x40
Sigmoid_290,Sigmoid,13107200,0.01%,1638400,0.09%,0,0.00%,1x256x40x40,1x256x40x40
Mul_291,Mul,409600,0.00%,1638400,0.09%,0,0.00%,1x256x40x40,1x256x40x40
Conv_292,Conv,944128000,0.96%,3998720,0.22%,590080,0.83%,1x256x40x40,1x256x40x40
Sigmoid_293,Sigmoid,13107200,0.01%,1638400,0.09%,0,0.00%,1x256x40x40,1x256x40x40
Mul_294,Mul,409600,0.00%,1638400,0.09%,0,0.00%,1x256x40x40,1x256x40x40
Conv_296,Conv,655872000,0.67%,3687680,0.20%,409920,0.58%,1x1280x40x40,1x320x40x40
Sigmoid_297,Sigmoid,16384000,0.02%,2048000,0.11%,0,0.00%,1x320x40x40,1x320x40x40
Mul_298,Mul,512000,0.00%,2048000,0.11%,0,0.00%,1x320x40x40,1x320x40x40
MaxPool_299,MaxPool,512000,0.00%,512000,0.03%,0,0.00%,1x320x40x40,1x320x20x20
Conv_303,Conv,164352000,0.17%,2458880,0.14%,102720,0.15%,1x320x40x40,1x320x40x40
Conv_341,Conv,2950144000,3.01%,11471360,0.63%,1843840,2.60%,1x320x40x40,1x640x40x40
Conv_300,Conv,41088000,0.04%,922880,0.05%,102720,0.15%,1x320x20x20,1x320x20x20
Sigmoid_304,Sigmoid,16384000,0.02%,2048000,0.11%,0,0.00%,1x320x40x40,1x320x40x40
Sigmoid_342,Sigmoid,32768000,0.03%,4096000,0.23%,0,0.00%,1x640x40x40,1x640x40x40
Sigmoid_301,Sigmoid,4096000,0.00%,512000,0.03%,0,0.00%,1x320x20x20,1x320x20x20
Mul_305,Mul,512000,0.00%,2048000,0.11%,0,0.00%,1x320x40x40,1x320x40x40
Mul_343,Mul,1024000,0.00%,4096000,0.23%,0,0.00%,1x640x40x40,1x640x40x40
Mul_302,Mul,128000,0.00%,512000,0.03%,0,0.00%,1x320x20x20,1x320x20x20
Conv_306,Conv,368768000,0.38%,4199680,0.23%,921920,1.30%,1x320x40x40,1x320x20x20
Conv_362,Conv,27691200,0.03%,242028,0.01%,17307,0.02%,1x640x40x40,1x27x40x40
Sigmoid_307,Sigmoid,4096000,0.00%,512000,0.03%,0,0.00%,1x320x20x20,1x320x20x20
Mul_308,Mul,128000,0.00%,512000,0.03%,0,0.00%,1x320x20x20,1x320x20x20
Transpose_364,Transpose,0,0.00%,172800,0.01%,0,0.00%,1x3x9x40x40,1x3x40x40x9
Sigmoid_365,Sigmoid,1382400,0.00%,172800,0.01%,0,0.00%,1x3x40x40x9,1x3x40x40x9
Conv_310,Conv,262348800,0.27%,3442688,0.19%,655872,0.93%,1x1280x20x20,1x512x20x20
Conv_313,Conv,262348800,0.27%,3442688,0.19%,655872,0.93%,1x1280x20x20,1x512x20x20
Split_366,Split,0,0.00%,172800,0.01%,0,0.00%,1x3x40x40x9,1x3x40x40x2
Sigmoid_311,Sigmoid,6553600,0.01%,819200,0.05%,0,0.00%,1x512x20x20,1x512x20x20
Sigmoid_314,Sigmoid,6553600,0.01%,819200,0.05%,0,0.00%,1x512x20x20,1x512x20x20
Mul_368,Mul,9600,0.00%,38400,0.00%,0,0.00%,1x3x40x40x2,1x3x40x40x2
Pow_372,Pow,307200,0.00%,38400,0.00%,0,0.00%,1x3x40x40x2,1x3x40x40x2
Mul_312,Mul,204800,0.00%,819200,0.05%,0,0.00%,1x512x20x20,1x512x20x20
Mul_315,Mul,204800,0.00%,819200,0.05%,0,0.00%,1x512x20x20,1x512x20x20
Add_370,Add,9600,0.00%,51200,0.00%,3200,0.00%,1x3x40x40x2,1x3x40x40x2
Mul_374,Mul,9600,0.00%,38424,0.00%,6,0.00%,1x3x40x40x2,1x3x40x40x2
Conv_316,Conv,943923200,0.96%,10258432,0.57%,2359808,3.33%,1x512x20x20,1x512x20x20
Sigmoid_317,Sigmoid,6553600,0.01%,819200,0.05%,0,0.00%,1x512x20x20,1x512x20x20
Mul_318,Mul,204800,0.00%,819200,0.05%,0,0.00%,1x512x20x20,1x512x20x20
Conv_319,Conv,943923200,0.96%,10258432,0.57%,2359808,3.33%,1x512x20x20,1x512x20x20
Sigmoid_320,Sigmoid,6553600,0.01%,819200,0.05%,0,0.00%,1x512x20x20,1x512x20x20
Mul_321,Mul,204800,0.00%,819200,0.05%,0,0.00%,1x512x20x20,1x512x20x20
Conv_322,Conv,943923200,0.96%,10258432,0.57%,2359808,3.33%,1x512x20x20,1x512x20x20
Sigmoid_323,Sigmoid,6553600,0.01%,819200,0.05%,0,0.00%,1x512x20x20,1x512x20x20
Mul_324,Mul,204800,0.00%,819200,0.05%,0,0.00%,1x512x20x20,1x512x20x20
Conv_325,Conv,943923200,0.96%,10258432,0.57%,2359808,3.33%,1x512x20x20,1x512x20x20
Sigmoid_326,Sigmoid,6553600,0.01%,819200,0.05%,0,0.00%,1x512x20x20,1x512x20x20
Mul_327,Mul,204800,0.00%,819200,0.05%,0,0.00%,1x512x20x20,1x512x20x20
Conv_328,Conv,943923200,0.96%,10258432,0.57%,2359808,3.33%,1x512x20x20,1x512x20x20
Sigmoid_329,Sigmoid,6553600,0.01%,819200,0.05%,0,0.00%,1x512x20x20,1x512x20x20
Mul_330,Mul,204800,0.00%,819200,0.05%,0,0.00%,1x512x20x20,1x512x20x20
Conv_331,Conv,943923200,0.96%,10258432,0.57%,2359808,3.33%,1x512x20x20,1x512x20x20
Sigmoid_332,Sigmoid,6553600,0.01%,819200,0.05%,0,0.00%,1x512x20x20,1x512x20x20
Mul_333,Mul,204800,0.00%,819200,0.05%,0,0.00%,1x512x20x20,1x512x20x20
Conv_335,Conv,655616000,0.67%,7580160,0.42%,1639040,2.31%,1x2560x20x20,1x640x20x20
Sigmoid_336,Sigmoid,8192000,0.01%,1024000,0.06%,0,0.00%,1x640x20x20,1x640x20x20
Mul_337,Mul,256000,0.00%,1024000,0.06%,0,0.00%,1x640x20x20,1x640x20x20
Conv_344,Conv,2949632000,3.01%,31544320,1.74%,7374080,10.41%,1x640x20x20,1x1280x20x20
Sigmoid_345,Sigmoid,16384000,0.02%,2048000,0.11%,0,0.00%,1x1280x20x20,1x1280x20x20
Mul_346,Mul,512000,0.00%,2048000,0.11%,0,0.00%,1x1280x20x20,1x1280x20x20
Conv_377,Conv,13834800,0.01%,181548,0.01%,34587,0.05%,1x1280x20x20,1x27x20x20
Transpose_379,Transpose,0,0.00%,43200,0.00%,0,0.00%,1x3x9x20x20,1x3x20x20x9
Sigmoid_380,Sigmoid,345600,0.00%,43200,0.00%,0,0.00%,1x3x20x20x9,1x3x20x20x9
Split_381,Split,0,0.00%,43200,0.00%,0,0.00%,1x3x20x20x9,1x3x20x20x2
Mul_383,Mul,2400,0.00%,9600,0.00%,0,0.00%,1x3x20x20x2,1x3x20x20x2
Pow_387,Pow,76800,0.00%,9600,0.00%,0,0.00%,1x3x20x20x2,1x3x20x20x2
Add_385,Add,2400,0.00%,12800,0.00%,800,0.00%,1x3x20x20x2,1x3x20x20x2
Mul_389,Mul,2400,0.00%,9624,0.00%,6,0.00%,1x3x20x20x2,1x3x20x20x2
Mul_408,Mul,100800,0.00%,403200,0.02%,0,0.00%,1x25200x4,1x25200x4
MatMul_410,MatMul,403200,0.00%,403264,0.02%,16,0.00%,1x25200x4,1x25200x4
ReduceMax_411,ReduceMax,100800,0.00%,100800,0.01%,0,0.00%,1x25200x4,1x25200x1
ArgMax_412,ArgMax,0,0.00%,100800,0.01%,0,0.00%,1x25200x4,1x25200x1
Flatten_431,Flatten,0,0.00%,403200,0.02%,0,0.00%,1x25200x4,25200x4
Transpose_417,Transpose,0,0.00%,100800,0.01%,0,0.00%,1x25200x1,1x1x25200
Flatten_446,Flatten,0,0.00%,100800,0.01%,0,0.00%,1x25200x1,25200x1
Flatten_462,Flatten,0,0.00%,100800,0.01%,0,0.00%,1x25200x1,25200x1
Mul_415,Mul,25200,0.00%,100800,0.01%,0,0.00%,1x25200x1,1x25200x1
Add_416,Add,100800,0.00%,403200,0.02%,0,0.00%,1x25200x4,1x25200x4
NonMaxSuppression_421,NonMaxSuppression,0,0.00%,1216,0.00%,3,0.00%,1x25200x4,100x3
Mul_432,Mul,100,0.00%,408,0.00%,1,0.00%,100,100
Add_433,Add,100,0.00%,400,0.00%,0,0.00%,100,100
Total,_,97953531400,100%,1809268516,100%,70817203,100%,_,_
